iterations,error_feas_max,error_feas_mean,error_opt_max,error_opt_mean,error_total_mean
0,0.0004594436442099288,0.000339478091303355,9.381049047398276e-06,5.76276777835158e-06,0.00017262042954085328
1,0.0005563150060785087,0.00016014286920751122,0.0006428621476092385,0.00013976402069854115,0.00014995344495302617
2,0.0006104795508983011,0.00020325071867214814,0.0006448054391597029,0.00028624014985822647,0.0002447454342651873
3,0.00044047234794113545,0.00011409418413620438,0.0006168196974753672,0.00019268243716160822,0.0001533883106489063
4,0.0003478752066140211,0.00013782500444727415,0.0008051971596081437,0.00039504384392989285,0.00026643442418858353
5,0.000560513398111722,0.00015442865492897793,0.0005224691396480995,0.0002729128179029505,0.0002136707364159642
6,0.0008267497496385101,0.00040307994018423345,0.001445344263333124,0.0003376960594712479,0.0003703879998277407
7,0.0012316561203237122,0.0004977009414114618,0.00045035805731833187,0.00018079227788801266,0.00033924660964973724
8,0.0016062204630108176,0.0011398273462442962,0.0025039275101027573,0.0006784439585221114,0.0009091356523832038
9,0.0019823583929863197,0.0010326938690662772,0.0031264253846863257,0.001344433446501368,0.0011885636577838225
10,0.002377937239558593,0.0007973393766302645,0.003826950390199639,0.001155692080446826,0.0009765157285385452
11,0.001732914427399752,0.0008722922053782868,0.002717433831294674,0.0006583944573423167,0.0007653433313603018
12,0.0034956745166984625,0.0016477083593659711,0.005799862663816836,0.0018001042616152593,0.0017239063104906153
13,0.004078978451039567,0.001646777311612182,0.007711549002472528,0.0025597710269564685,0.0021032741692843253
14,0.004762037905416853,0.0009579836733178193,0.010119971836665005,0.002069872315672989,0.0015139279944954042
15,0.0050548384540458685,0.0015012015511648867,0.012798942190670654,0.0030284889349838653,0.002264845243074376
16,0.0049738812245034725,0.0019940746531426053,0.015727970627416682,0.005018141485833658,0.003506108069488132
17,0.004869012085319623,0.00223394353492687,0.018771093808048825,0.002206903745440585,0.0022204236401837277
18,0.004495040158462655,0.0018075415304318718,0.021960982436405183,0.005342984110559777,0.003575262820495824
19,0.0038711166814384113,0.0026470701902154515,0.02522181706988172,0.0031056567014638185,0.002876363445839635
20,0.0034420457371962523,0.0009613479436964476,0.028625590403554897,0.012491218535354617,0.006726283239525532
21,0.0003916535605185884,0.00016688648640446547,0.0007212016594391831,0.00021893721946818407,0.00019291185293632477
22,0.0004754520697730967,0.00014821228848318173,0.0007121667570155758,0.0001561936922615757,0.00015220299037237871
23,0.00045973595709099724,0.00016840563477832148,0.0007023751056681447,0.00019840875618374639,0.00018340719548103394
24,0.0003048679756583457,0.00014757150935267943,0.0006629520766730641,0.00020949571204444763,0.00017853361069856353
25,0.0003425168818661063,0.00016084858106205714,0.0006225245459104253,0.00025488216716862703,0.0002078653741153421
26,0.000556970768889522,0.00040465175652373364,0.0008663308894427859,0.0003320467839653174,0.00036834927024452556
27,0.0008242191377821824,0.00048445194607727056,0.001173412866798874,0.00025012992918536166,0.0003672909376313161
28,0.0011802364133507758,0.00023701990518209138,0.0004898485972200462,0.00021484368569867776,0.00022593179544038458
29,0.00158099028381147,0.0002907275896193762,0.0010806924100310222,0.0003521440123925123,0.0003214358010059442
30,0.0019796150771478212,0.0006834713313100865,0.002638528046029178,0.000726687449445682,0.0007050793903778843
31,0.00240481379591076,0.0011218363940257439,0.0024191308233646224,0.0003712781536353025,0.0007465572738305232
32,0.002936238803423749,0.001053086737413038,0.004135492500022712,0.0010298020775974524,0.0010414444075052451
33,0.003544909467749112,0.0007291077366860007,0.003734012392003469,0.0005648084406059572,0.000646958088645979
34,0.004188793147793696,0.0022913564530042717,0.003912197626818962,0.0010031526681201605,0.0016472545605622161
35,0.002231330999430531,0.0006707924048933394,0.0037445782846888967,0.0009675192884529525,0.0008191558466731459
36,0.005406211094879176,0.002106143772144958,0.0034926820836452747,0.0009250842517286838,0.001515614011936821
37,0.005416104094831676,0.001323984005320634,0.014838156392331672,0.0023203366693539023,0.0018221603373372681
38,0.005410801361967602,0.0013834943543835861,0.01780448947483196,0.0026994887903242547,0.0020414915723539206
39,0.005094187495785044,0.003957205220644563,0.020927986800260028,0.0035903744918207485,0.0037737898562326556
40,0.004437457471489385,0.0021002348790625336,0.004255423163144997,0.0005868769066399513,0.0013435558928512423
41,0.0036040046834213838,0.0013924693655278171,0.004966397513054733,0.0011095366326296326,0.0012510029990787249
42,0.0003617728970699356,0.00019274599310351213,0.0007765346254491113,0.00023656277731781797,0.00021465438521066506
43,0.0003848108670869392,0.0001353917863572909,0.0007674724385533826,0.0001713803804178491,0.00015338608338757
44,0.00031441596871651105,0.00014566476877920094,0.0007383889149094323,0.0002606195137189688,0.00020314214124908487
45,0.00019527685039074554,7.501239598991205e-05,0.0006945696556817456,0.0002847403281031733,0.00017987636204654266
46,0.00033632413009829524,0.00013197901169045763,0.0006552448538912865,0.0002559721970110232,0.00019397560435074042
47,0.0005493988124455964,0.0002619866644580573,0.0006568781230505301,0.0002252815806740941,0.00024363412256607568
48,0.0008076948629796634,0.00024163359712299007,0.0009234285676400158,0.00028169279256814745,0.00026166319484556875
49,0.0011191737580349686,0.0005570951800517452,0.0012292068102283129,0.0006230148766075747,0.0005900550283296599
50,0.00126390375122085,0.0005063248415471854,0.0012914657882409438,0.0006053854253785124,0.0005558551334628489
51,0.0019530935866512872,0.0008661337480208052,0.0021936591689509944,0.0009578308089449511,0.0009119822784828781
52,0.0024088514009772146,0.0008773245792744707,0.002792519377423424,0.0009443973621091428,0.0009108609706918068
53,0.0029521637305441007,0.0012226517963812745,0.00356833720399982,0.0009190880666871375,0.001070869931534206
54,0.0035793557074266457,0.0012689984903495168,0.0045965807043178595,0.0014752077156146353,0.001372103102982076
55,0.004272644870753767,0.0010580838724966112,0.006471610895167349,0.0008854449614656097,0.0009717644169811104
56,0.00521241012955142,0.001627874566618278,0.008703179240352802,0.002200749473367672,0.001914312019992975
57,0.00573400457705446,0.0010525583946561505,0.00386147459405258,0.0006069852780575978,0.0008297718363568741
58,0.005835864087857629,0.0013578136906245545,0.014002311124846917,0.002479403009815515,0.0019186083502200349
59,0.0059350752624317635,0.00292963058609,0.01690679855136786,0.004263406632474576,0.0035965186092822878
60,0.005681127185002065,0.0011643822633610962,0.0034364438693762584,0.0007084816083359754,0.0009364319358485358
61,0.00504976176784802,0.0021548002190145974,0.02323402572361102,0.003084808510727797,0.0026198043648711974
62,0.004169361980663191,0.0015958537737009771,0.026653930015231073,0.0034022761891808785,0.0024990649814409277
63,0.00043796963038268997,0.00011380861941609594,0.0009986339105848316,0.00015305862471630145,0.0001334336220661987
64,0.0004311512651750898,0.00013917305053601914,0.0009978616237540728,0.0001458279754226691,0.0001425005129793441
65,0.00026130120402692456,4.769213314539614e-05,0.000894860286360649,0.00032847920356541296,0.00018808566835540455
66,0.0001722620884405769,9.946985018000816e-05,0.00019554501246218288,5.528552136866916e-05,7.737768577433866e-05
67,0.00028971481614601367,0.00018047000769441822,0.0007370256607843028,0.00018344058105065696,0.0001819552943725376
68,0.00054252324604744,0.00022440632556891102,0.0006484901210164678,0.00025392071659481396,0.00023916352108186247
69,0.0007936957402267507,0.0004885843486825373,0.0007148345261101246,0.00030184689166192375,0.0003952156201722305
70,0.0011332263016904788,0.0005553643059017594,0.0009727490229034447,0.0004534645681022148,0.000504414437001987
71,0.0014659211115686374,0.0008463103145129444,0.0015260722369005515,0.0005060627519331014,0.0006761865332230229
72,0.0019058304836413918,0.0009181649265887718,0.0022678776562799216,0.0010356181127506958,0.0009768915196697338
73,0.002384664127947421,0.0012792707157900333,0.0030893949719239255,0.0013613738554206021,0.0013203222856053177
74,0.0016540918111519161,0.0005294753410241034,0.0005825629832561774,0.0001899636995495785,0.00035971952028684094
75,0.0035930866251554228,0.0019835480302258365,0.00458146797317746,0.0008634289610577207,0.0014234884956417786
76,0.004315659941040134,0.002534048859012576,0.005928755504348472,0.004318778738804586,0.003426413798908581
77,0.005364037462009596,0.001749516177441953,0.004591580960866978,0.0011073640842308955,0.0014284401308364242
78,0.006014194908935131,0.0006420031122603596,0.010517149239036594,0.0010900344064080259,0.0008660187593341927
79,0.006226123259831963,0.0027549651373007314,0.013220061303295803,0.004368746420566108,0.0035618557789334196
80,0.006452017759816387,0.0022338324789677555,0.01605096924856332,0.0037648401870474515,0.0029993363330076033
81,0.006281650508374053,0.00154900519192472,0.019057904340800687,0.0027498138114653062,0.0021494095016950134
82,0.005691013977335067,0.002383711135500192,0.0038712262642084444,0.000792993917463921,0.0015883525264820564
83,0.0048229317653602725,0.0018260633129625584,0.025155591033280668,0.0031456642098439775,0.002485863761403268
84,0.0004180778137346293,0.00018652267641891602,0.00025764126327339134,0.00013080436296398126,0.00015866351969144864
85,0.0003827963535610829,8.187802539849965e-05,0.000930238484648664,0.00029434432349582717,0.0001881111744471634
86,0.0002485477453398734,0.00013967531178846358,0.00016198927789013145,3.124224815784261e-05,8.54587799731531e-05
87,0.0001746730611567431,8.450516112812341e-05,0.0011849628241058948,0.00030941374919483846,0.00019695945516148093
88,0.0003359980354216482,0.00012782682951255133,0.0010957134396739929,0.0005995818383632432,0.00036370433393789726
89,0.00053987270667684,0.0002451910750714102,0.0010217285646486264,0.00027835390291392067,0.00026177248899266544
90,0.0007858150864282052,0.0004319744333227552,0.0009243480229522041,0.00024160557695266407,0.0003367900051377096
91,0.0011297271761579691,0.0005737601950569933,0.0009116467370038892,0.0004961075944400544,0.0005349338947485239
92,0.0013715554930341309,0.0006763993187869541,0.0016218705973088698,0.000771161452290771,0.0007237803855388626
93,0.0018134380143706949,0.0013777012539834227,0.0015711545115122507,0.000571821976388808,0.0009747616151861154
94,0.0023138650533673978,0.0010315598546070215,0.0033209333197650242,0.0014250751768770703,0.001228317515742046
95,0.0016372620006206383,0.0010063422883650113,0.004213969210458529,0.001163817929583286,0.0010850801089741487
96,0.003644032330359846,0.0018418824809207,0.00488655673516548,0.0020346840451160348,0.0019382832630183673
97,0.004349756799520868,0.002350977387884785,0.005457130076688424,0.0019360013823174174,0.0021434893851011013
98,0.0054888973599158015,0.002184418414794927,0.005071117279785704,0.0012390853695917786,0.001711751892193353
99,0.0023401420116640976,0.0008739127455186476,0.0016398079587137068,0.0005354000577503971,0.0007046564016345224
100,0.006605291126812184,0.001792236623034513,0.012460589987132478,0.002967150219791697,0.002379693421413105
101,0.006971411783197314,0.001441135236875683,0.003524320526348489,0.000649717697479,0.0010454264671773414
102,0.006896976585903656,0.0018797968277426615,0.018157783916929435,0.0021668602033684844,0.002023328515555573
103,0.0063160988574107345,0.0015459927149304004,0.0036356372500115515,0.00042645214024495043,0.0009862224275876755
104,0.0054566719163294895,0.0028957381353259667,0.0020729780822988215,0.0005180440381899441,0.0017068910867579553
105,0.00041772996159568674,0.00024449770556206834,0.0005955338989314329,0.00022925025515889663,0.00023687398036048249
106,0.0002771716314193639,0.00015860689979230953,0.0006989473760171652,0.00019887558892250277,0.00017874124435740616
107,0.000174953823592785,8.935529121987886e-05,0.0009203270631312835,0.00016409058892341495,0.0001267229400716469
108,0.000181552701813706,0.00015075503088082343,0.0011853396074939944,0.00029798113934567807,0.00022436808511325075
109,0.000330423577350059,0.00022842634029445258,0.0014917681350668462,0.00032523498331550783,0.0002768306618049802
110,0.0005329961561617123,0.00025219081395875593,0.0015979977197301569,0.0004935874538535822,0.0003728891339061691
111,0.0007892484694859035,0.0002667430228689873,0.0014724181578970464,0.0005193613038430474,0.00039305216335601737
112,0.001115137343484625,0.0003133018772943709,0.0013487861375579267,0.0004856532721056855,0.0003994775747000282
113,0.0013727599977667421,0.000961693948835593,0.0016188233515704881,0.0008397754945878867,0.0009007347217117399
114,0.0017085068043697503,0.0009879086694685858,0.0014205097368368577,0.0005278885442767645,0.0007578986068726752
115,0.002225634327629151,0.0012575705188176615,0.0010324961468234522,0.0006485116860667421,0.0009530411024422018
116,0.0028659993278958074,0.0018079111637727726,0.004342137254665811,0.0016491589515878432,0.0017285350576803078
117,0.0018148659284234878,0.000695077134328221,0.004949788847596405,0.0013452749517741322,0.0010201760430511766
118,0.004419370322056335,0.0023034343152688657,0.005332108920450419,0.0028364587724987954,0.0025699465438838304
119,0.005529190671377177,0.0015883796500148974,0.00728188577007228,0.0011253744889440232,0.0013568770694794602
120,0.00644012360548901,0.0035995122792463175,0.00954938440299758,0.0037741634842138596,0.0036868378817300883
121,0.006893239340673604,0.001953361779242083,0.01207367854289351,0.0025705742944442033,0.002261968036843143
122,0.007402153224101987,0.002631431719775527,0.014731940596744195,0.0015325352161360375,0.002081983467955782
123,0.007382291197172839,0.0031761688429353466,0.0176622100242294,0.005953287138330272,0.0045647279906328095
124,0.006870452484583495,0.002430906017833855,0.020106604781102058,0.002648041925926381,0.002539473971880118
125,0.006076240239228768,0.003585265037484236,0.02253226958126655,0.00351021390448055,0.003547739470982393
126,0.000473300932946386,0.00018588439631006355,0.0011230455118687991,0.0004801181098129461,0.00033300125306150484
127,0.00024908336664977764,0.00019277074568543884,0.0009625599768898676,0.0003666779387724652,0.000279724342228952
128,0.000276451320011547,0.0001326885235615543,0.0008023608707257395,0.0004866799771020944,0.00030968425033182435
129,0.00030600175857427227,0.0001266399034490638,0.0010170457008442447,0.0005380898892778733,0.00033236489636346856
130,0.00031714840136271304,0.00028006858294157925,0.0005296034172174802,0.00013139126896323928,0.00020572992595240927
131,0.0005178631276833459,0.0004101236888689205,0.0015932103113483077,0.00040168492228499845,0.00040590430557695947
132,0.0008070595027968104,0.0004574827691363791,0.0018986176356604024,0.0005552838344866656,0.0005063833018115224
133,0.0011554337104402066,0.0005168382552645196,0.0019878091090080228,0.0005281220849631727,0.0005224801701138462
134,0.0014032196215376296,0.0009305844470257136,0.001785282855496519,0.0007002944329934224,0.000815439440009568
135,0.001595970382566122,0.0008558012285075356,0.0026106050043616952,0.001044041836136202,0.0009499215323218688
136,0.0021248154566536233,0.0010163505355193978,0.0017279951230998974,0.0011599919211149365,0.001088171228317167
137,0.002790423595316463,0.00128778259112584,0.0044747758741349375,0.0014212986563016874,0.0013545406237137638
138,0.0036870171707032396,0.001486955924492028,0.0050143888866272055,0.0016041585649323978,0.0015455572447122129
139,0.004496691461558384,0.0020133935852290215,0.005393552535987341,0.0019547316864763535,0.0019840626358526873
140,0.005594680636545372,0.0018911726492805813,0.007103271818249523,0.001679216879702835,0.0017851947644917081
141,0.006579356000281288,0.002762762403950408,0.009325629188813371,0.0023230302090909765,0.0025428963065206923
142,0.007113046049792555,0.0023736115478371726,0.011868397367138891,0.002999273735648448,0.0026864426417428106
143,0.007702096880838956,0.0022100230323704173,0.014588353614733807,0.0016693362197608916,0.0019396796260656543
144,0.007742178023453076,0.002678227934122723,0.017148120575689457,0.004458635286443848,0.0035684316102832852
145,0.007304027360494549,0.0030921653043776277,0.0032192580657857592,0.00053521344618141,0.0018136893752795189
146,0.006559266498107704,0.0034119536054605577,0.021840733253877635,0.007171625432050184,0.005291789518755371
147,0.00038344079724583074,0.0002444396856984319,0.0018291672118422022,0.000818634341761995,0.0005315370137302135
148,0.0002868630585108303,0.00022271075348089154,0.0016068094255413858,0.00043833678814589024,0.00033052377081339086
149,0.00015130996637720672,8.575247023449029e-05,0.0009465228600244032,0.0001893045720110751,0.0001375285211227827
150,0.00034782160904487075,0.00019412614359586605,0.0012010527915461914,0.0002512222529253481,0.00022267419826060706
151,0.0003796767065168997,0.0002788706639878033,0.0013484885404450304,0.00034669980860144146,0.00031278523629462237
152,0.0005136820680046746,0.0003169812326109306,0.0015844934578316849,0.0009848005369429138,0.0006508908847769222
153,0.0008031125205594906,0.0004612475934403553,0.0018202898459405725,0.0009050046660151918,0.0006831261297277736
154,0.0011677230848000952,0.0009442089779370238,0.0020378188305089184,0.0006661714950321368,0.0008051902364845803
155,0.001451578860339109,0.0007492329459232239,0.0022126054199781246,0.0008234322410802649,0.0007863325935017444
156,0.0016658484266502426,0.0009704307056385231,0.0022328593606920615,0.0010677653198829175,0.0010190980127607204
157,0.002052428982065381,0.0012234838916388966,0.002024226115594195,0.0008903274256868742,0.0010569056586628854
158,0.0027211799718530917,0.0014393693422031105,0.004585042924079366,0.0013491629024027468,0.0013942661223029285
159,0.0036971454016313065,0.0015923546526237047,0.0015930867108669504,0.0009497847378548312,0.001271069695239268
160,0.004567166751861413,0.0019642935063789607,0.005456297196187966,0.0020993169819128023,0.0020318052441458817
161,0.005700542849375086,0.003457900262749188,0.006946801328159247,0.0037552023834644273,0.0036065513231068077
162,0.006661567951712104,0.0036408326338910535,0.009174481420382666,0.0029447588202663032,0.0032927957270786784
163,0.007272481110023363,0.0033594187408635123,0.004744088286501435,0.0016551213752548615,0.002507270058059187
164,0.007982819812643786,0.004132538738534554,0.014373041102495952,0.0037563616056738914,0.003944450172104223
165,0.008075711619496688,0.004992313885561134,0.01652107451872017,0.0028059452625340425,0.0038991295740475884
166,0.007728298504536151,0.0027738126519230863,0.0036133803456594804,0.0011206394404350947,0.0019472260461790905
167,0.007042343195410569,0.003804890296983842,0.02115523794999244,0.003056392415318684,0.003430641356151263
168,0.0005415106019796363,0.00032246053396547985,0.0026749615299845263,0.0008944793567488967,0.0006084699453571883
169,0.0003280578667164272,0.00022745814760074444,0.002406340072325708,0.0012513293900176276,0.000739393768809186
170,0.0003604621481565017,0.00022618950406501625,0.002149747812559952,0.0013459078082441445,0.0007860486561545803
171,0.00039291260122724565,0.000263433669752395,0.001970987680321927,0.0008814502056250628,0.0005724419376887289
172,0.0004276327577421142,0.0003431479773467735,0.001501968944434777,0.0004733920943555776,0.00040827003585117556
173,0.0005245334086395603,0.000424891743374319,0.0019738398620421384,0.0009362587931186844,0.0006805752682465017
174,0.0008095104674353378,0.0006121980180841214,0.0019750103879999474,0.0010103613521489578,0.0008112796851165396
175,0.0011888834115896996,0.0008092229149492021,0.0021833421786730325,0.0010139819842428888,0.0009116024495960454
176,0.0014977757859245809,0.0009183738630560154,0.002349219835755578,0.00129672545919992,0.0011075496611279677
177,0.0017306772346203573,0.0009609811975305206,0.0024813982993620093,0.001399281644775269,0.0011801314211528947
178,0.002016539168863061,0.00141924871684183,0.0036600823445486945,0.0024173660123413374,0.0019183073645915837
179,0.0027767870057571965,0.0013816965946886399,0.004464794625642625,0.0025039464321467606,0.0019428215134177002
180,0.003759164548880318,0.0025950929160003934,0.00503164289973301,0.0021430963306438454,0.002369094623322119
181,0.004632367399689446,0.0012576261573056472,0.00190330776109035,0.0010167125331478858,0.0011371693452267664
182,0.005739052284431621,0.00198697254406817,0.0055205671258625535,0.002375771263410073,0.0021813719037391214
183,0.006784403772817876,0.0028987496903883246,0.009102415969255866,0.0025684442800665754,0.00273359698522745
184,0.007419010399956507,0.0034239754532353573,0.011611164360591706,0.002620933763620528,0.0030224546084279425
185,0.008166911840955662,0.0037265385004230205,0.013788380410219604,0.0028950844424863267,0.0033108114714546734
186,0.008388206165849798,0.0025339872110091846,0.015902390574822487,0.003146956933548724,0.0028404720722789542
187,0.00814064844195439,0.003483632438973567,0.0041127247827560266,0.0011565328658631722,0.0023200826524183695
188,0.007522884173839369,0.004933949665318996,0.020476158293353128,0.009258001276287463,0.00709597547080323
189,0.0005604150050184745,0.00038964676676916634,0.0028592002955737965,0.0008905400014984936,0.00064009338413383
190,0.0003728567941653125,0.00023329740316632708,0.0028512204723581884,0.0006900687549493876,0.0004616830790578573
191,0.0004063863741183753,0.00019787163504957623,0.0030468433661813886,0.0010060211091911888,0.0006019463721203825
192,0.00044171727316201964,0.000267923178434707,0.0014945657500159007,0.0007178862265095625,0.0004929047024721347
193,0.0004794623953168383,0.0003702724153726633,0.002864996237468328,0.0009361982052690766,0.00065323531032087
194,0.000540763144130461,0.0005017529049609988,0.002870220947656358,0.0013959978641787734,0.0009488753845698861
195,0.0008141040794127851,0.0006238208055458613,0.002166323864520377,0.0012940619767145486,0.000958941391130205
196,0.0012047759657668011,0.0008697639901560866,0.00287848446037795,0.001453703047180865,0.0011617335186684759
197,0.0015387565848839157,0.001092516533771722,0.002533847624164638,0.0013675445232985705,0.0012300305285351462
198,0.0017873097759721396,0.0011616612107314046,0.002719500484983881,0.0019167554229855214,0.0015392083168584629
199,0.0020860594020155,0.0014862305074971641,0.0026149560060901816,0.0013935186157023522,0.0014398745615997583
200,0.0028193623715520554,0.0019889517880769124,0.0025350930918125463,0.0015916567797877221,0.0017903042839323173
201,0.003864662974677057,0.0014358770169347543,0.004933918743000986,0.002112027505684805,0.0017739522613097797
202,0.004759586850033169,0.0024015162842074824,0.005207645834368374,0.002905794598231139,0.0026536554412193106
203,0.005859469101191441,0.0027148399845490596,0.00699478291117835,0.0031585830353542954,0.0029367115099516775
204,0.00693066002810943,0.003589889444791601,0.009165669291053296,0.002525295121168926,0.0030575922829802634
205,0.007525538254526351,0.002917885692450435,0.01138292656214027,0.0021185056898198606,0.002518195691135148
206,0.008322433497115584,0.003979355527544392,0.013278840759593288,0.004062943969183434,0.004021149748363913
207,0.008676350990871913,0.00411068363768841,0.015317424820597135,0.004733731881953205,0.004422207759820808
208,0.008538496222936443,0.005314679775438052,0.017491810956735288,0.00428600725495925,0.004800343515198651
209,0.007998243890183911,0.004649347531960419,0.004348598847539251,0.0027193011351751223,0.0036843243335677707
210,0.0005794161951271179,0.0004233358490446663,0.0014678315631815415,0.0006851076987122782,0.0005542217738784722
211,0.0004223939921116771,0.0002899663161047458,0.004409770900193245,0.0015120494507999053,0.0009010078834523255
212,0.00047117169037498444,0.0001430801372270475,0.0040878055066852804,0.0005648085768873658,0.00035394435705720663
213,0.000527639748506851,0.00037395929369015996,0.0038387188639383623,0.0018295157544146318,0.0011017375240523959
214,0.0005820203021098134,0.000414551749133679,0.003848457387156401,0.0009703236085654227,0.0006924376788495509
215,0.0006333807045479054,0.0005683315237271184,0.003104645154621631,0.001110016245265859,0.0008391738844964887
216,0.0008277420379615781,0.0007298589262744947,0.0038678156818260654,0.0017839904946778666,0.0012569247104761807
217,0.0012152846450133373,0.0010011686653606713,0.0038751549549908663,0.0015304305131828802,0.0012657995892717756
218,0.0015742956391876274,0.0013108099311770645,0.002356629573504587,0.001207573719198733,0.0012591918251878987
219,0.0018382948951160619,0.0011978180043469722,0.002873232200337841,0.0018685327566970455,0.0015331753805220088
220,0.002159011489926325,0.0013365179334841229,0.0038067046730441033,0.0017983310582762734,0.001567424495880198
221,0.002816824924167563,0.002148735546041865,0.004718217445350569,0.002285084901786845,0.002216910223914355
222,0.003923853828182429,0.0016658727873972233,0.005093589696892208,0.002813019256536101,0.002239446021966662
223,0.004907671174374904,0.002629114772670229,0.00533683354115268,0.003608959186656617,0.003119036979663423
224,0.0060622768036922275,0.002161625755742706,0.005240904469050589,0.0021804918790735025,0.0021710588174081043
225,0.00713331321295502,0.005567805122996057,0.009356773216860828,0.004467696339499255,0.005017750731247656
226,0.007607961692708909,0.0042673666565309154,0.011156386637710588,0.0034149532722186223,0.0038411599643747686
227,0.008473268061132473,0.004586281932171797,0.005520646819104272,0.0020256067083972234,0.0033059443202845106
228,0.008934748309714118,0.0034762264053380633,0.014944470001244294,0.004261489372183058,0.0038688578887605607
229,0.0025747717552079895,0.0022783797808716166,0.003253173855235786,0.0018470128601255555,0.002062696320498586
230,0.00844248261527354,0.004781863418198157,0.019324222268760627,0.007643864848641341,0.006212864133419749
231,0.0005935025835145029,0.0004217752950506609,0.005529662449616883,0.0027300058579202593,0.0015758905764854602
232,0.0005323682335300314,0.00033628947069532433,0.005290624148744374,0.002463843394783736,0.0014000664327395301
233,0.0005317704987122205,0.0002678538306880457,0.0051980486041808705,0.0010140793204591633,0.0006409665755736045
234,0.0006688354154361172,0.00028748189084957723,0.0051040791482940846,0.0014952546870657271,0.0008913682889576522
235,0.0007371420746803383,0.0004464216391948135,0.004404955612162976,0.0009353722088482657,0.0006908969240215396
236,0.0008045645026835363,0.0006031363540645644,0.004144894139594114,0.0014201098474065966,0.0010116231007355806
237,0.0008513269202520246,0.00079251455653291,0.004919693388127736,0.0011751764623071028,0.0009838455094200063
238,0.0012203747982805005,0.0010158678949040005,0.004932485086391375,0.0023477698854675317,0.001681818890185766
239,0.0016041962383725103,0.001259134677408571,0.004876210347729545,0.002198991789012756,0.0017290632332106635
240,0.0018767949993797226,0.0014881075798830726,0.004714478632776714,0.0018651013739886871,0.0016766044769358798
241,0.0021929352025410196,0.0013176320038201753,0.004476831850431254,0.002259560655055476,0.0017885963294378255
242,0.002940304071599568,0.0019665274348152715,0.004736692372371569,0.002665392578262087,0.002315960006538679
243,0.003970061111033154,0.0019080876531157546,0.003898216418773146,0.0029552746753193078,0.0024316811642175313
244,0.0050454646516316206,0.002069178707512998,0.0055076046362564895,0.0035777254711446193,0.002823452089328809
245,0.006302173765972078,0.002459330614068056,0.00689016745132665,0.003044612724136913,0.0027519716691024845
246,0.007286254634314681,0.003723564740889492,0.008862140154488884,0.0032924562673384444,0.0035080105041139682
247,0.007794685516002671,0.00306092423584546,0.01078533817973968,0.00375591680000253,0.003408420517923995
248,0.008667784925316667,0.003970295905878777,0.012740805291959197,0.005473584784911853,0.004721940345395315
249,0.009171953876504383,0.004999331832952557,0.014640095822349462,0.006567679880579718,0.005783505856766138
250,0.009243808355777466,0.003649615334198724,0.01670971344820879,0.004185833322105309,0.003917724328152017
251,0.00887070747531859,0.003545407489078986,0.01891840912745051,0.0034303397894663206,0.0034878736392726533
252,0.0007769157234250385,0.00048362309572643375,0.006739468517204651,0.0021974530962393197,0.0013405380959828767
253,0.0005997938182057303,0.000353021199863626,0.0017699426274281971,0.0007079770509713352,0.0005304991254174806
254,0.0006223252319497185,0.00022326426838041217,0.006691301343848745,0.0016071762062588222,0.0009152202373196172
255,0.0008226746687904308,0.0005215153618526877,0.006673863758638188,0.003670675070915079,0.002096095216383883
256,0.0009130052101713163,0.0004872077404889525,0.006570687379305162,0.001205179501535618,0.0008461936210122853
257,0.0010037178846980777,0.0007600376571783379,0.004938729694990075,0.0019361324526383638,0.0013480850549083508
258,0.0010940689512690214,0.000897521276028837,0.006359075704018512,0.0017478488580006959,0.0013226850670147664
259,0.0012418649272118519,0.0010975218282965546,0.006250578714879234,0.002915081674231932,0.0020063017512642434
260,0.0016239891957820004,0.0012976666925747014,0.004257707205553574,0.0033111499633497856,0.0023044083279622433
261,0.0018834820187580681,0.0012971240460228695,0.005631744227348866,0.003704317060008314,0.0025007205530155918
262,0.002218526942176334,0.0018164299475576574,0.005371247342970464,0.002162806442668749,0.0019896181951132032
263,0.0030856988875646463,0.002034189853102545,0.004737713852906373,0.0031362482214658135,0.002585219037284179
264,0.004003019810078329,0.0027945334716451982,0.00391699623840068,0.00267261509156585,0.0027335742816055244
265,0.00517006172687057,0.0038586166630722616,0.004774836783544251,0.0032588385348317783,0.00355872759895202
266,0.006436893961860793,0.003174565384609608,0.005831642456338838,0.00307509358744733,0.003124829486028469
267,0.0073972940224151665,0.003859052904484831,0.008357367647568389,0.0041222844144775195,0.0039906686594811756
268,0.008059898128660562,0.003763691096867397,0.010233523482748662,0.004288227992176582,0.004025959544521989
269,0.009155023738799537,0.005786033526983604,0.012145442706740107,0.004784995839271248,0.005285514683127426
270,0.009644457050573717,0.004458598666441899,0.014194254739974557,0.00620746538649746,0.0053330320264696794
271,0.009586671923690462,0.0044501922485010725,0.016401316174063953,0.006716437527538808,0.00558331488801994
272,0.00926948670211837,0.003882180228821825,0.0066272816271511735,0.0038096910101315094,0.003845935619476667
273,0.0010800866862059001,0.0005388427487641161,0.0071293132912925924,0.001802414281346081,0.0011706285150550986
274,0.0011234396151151088,0.0006837921760210651,0.0075586280575976154,0.0023482424899062856,0.0015160173329636754
275,0.0011498038116029758,0.0006817788321250484,0.007591368393658484,0.0038563920311435033,0.0022690854316342757
276,0.0011576940474759788,0.0006805496696673829,0.007836323764864777,0.003529231851987432,0.0021048907608274075
277,0.0011459992405949131,0.0007094480615064655,0.008091029920407104,0.003823597037425868,0.002266522549466167
278,0.0012009250219064066,0.0007791911767975734,0.008139568498057203,0.0022512873708439942,0.0015152392738207838
279,0.001317686244667298,0.001017533336251998,0.008025804146151755,0.0034037032163216317,0.0022106182762868147
280,0.0012721076113003666,0.001108424706919026,0.00778068335216038,0.003016844481693144,0.002062634594306085
281,0.0015819298134437214,0.0013315482780175902,0.0074579215024188315,0.003406888693941497,0.0023692184859795437
282,0.0019279469354905824,0.00142278056147478,0.007025864294364165,0.0037255209213811315,0.002574150741427956
283,0.0023088842824643516,0.001748177278479999,0.006582240242944478,0.003346343027548086,0.0025472601530140424
284,0.003241309331905614,0.002360223494498843,0.006014158278083615,0.0035880942829450133,0.0029741588887219283
285,0.00417740993635522,0.0022856592066251716,0.0054606339581903815,0.003556340511767152,0.0029209998591961618
286,0.005280888178182288,0.003001669265968738,0.005859384018740933,0.0036253489687972005,0.0033135091173829693
287,0.00639497416142803,0.003309658655880454,0.0061810781698665735,0.003913690996124325,0.0036116748260023894
288,0.007463464517978357,0.005299564767688208,0.007864371705641315,0.0054236436702943145,0.005361604218991262
289,0.008299314362674517,0.004746771757635391,0.00969005782219038,0.004294905766167418,0.004520838761901404
290,0.009611285186181064,0.004802432534456326,0.011558644519399839,0.0048402771261571095,0.004821354830306717
291,0.010292057655695545,0.0056141543169603405,0.013568303830733482,0.005695136370927362,0.005654645343943851
292,0.010377229716157099,0.007084359459010805,0.015711238825627045,0.00948950623373006,0.008286932846370432
293,0.009923273092289043,0.004546874344217307,0.01812390361695069,0.0072009128606933094,0.005873893602455308
294,0.0013548683911916832,0.0008337487907130063,0.007895915085357681,0.002186813060317868,0.0015102809255154372
295,0.0014481223188643497,0.0007261528232382871,0.008141626371530677,0.0025316275764313634,0.0016288901998348254
296,0.0015258492748315856,0.000744517192595864,0.008416703645230242,0.0027262150349275554,0.0017353661137617096
297,0.0015855984477096212,0.0005949152301065774,0.008663183350833267,0.0022185779853535832,0.0014067466077300802
298,0.0016252116079081083,0.001292239195155705,0.008939870961238746,0.006103759348117177,0.0036979992716364408
299,0.0016462098156403233,0.0008707641578675725,0.006965144138948333,0.0016756893637298708,0.0012732267607987217
300,0.0016522048110786149,0.0012236636657988183,0.006567767553166349,0.0028919429684553717,0.002057803317127095
301,0.0017114515604477638,0.0013124346106960158,0.009325167655879962,0.0021139127515411313,0.0017131736811185736
302,0.00188408279613115,0.0015765750151414432,0.006035324419693887,0.0020442018586768673,0.0018103884369091551
303,0.00208703448352711,0.0018042631475802342,0.008514455066002291,0.003969132282659968,0.002886697715120101
304,0.002452503242819477,0.002192462282645665,0.00799956268750188,0.004197998961583921,0.003195230622114793
305,0.0034136158974650307,0.0021881304547493948,0.007370029838584275,0.0028149738469424412,0.002501552150845918
306,0.004376305243233461,0.0029058344511420807,0.0067539337961913925,0.004234223529382933,0.003570028990262507
307,0.005131990699367396,0.0028809519277306636,0.0063329897843428995,0.003938767044329818,0.0034098594860302407
308,0.006250225150291614,0.003638629707534451,0.006753782750700443,0.003612512093221297,0.003625570900377874
309,0.007427613008639244,0.0028790936338755867,0.008038399024306676,0.005425871087223412,0.004152482360549499
310,0.008490152678969748,0.003720798935886877,0.009176544003290687,0.004280846071958952,0.004000822503922915
311,0.010033144804697438,0.007166891308495162,0.010981268376244932,0.006760903165021445,0.006963897236758303
312,0.01089588510823434,0.006262278889078865,0.012998449898704478,0.005875145143285493,0.006068712016182179
313,0.011105207194642523,0.006258436824592687,0.015207572182048823,0.007018478211157234,0.00663845751787496
314,0.010756832917909864,0.00671600672168317,0.017559243755974865,0.0065522858204375475,0.006634146271060359
315,0.0015809233769122598,0.0007042724881119726,0.008560173001227992,0.001954826277702648,0.0013295493829073102
316,0.001727333895176328,0.0008208663518311044,0.01040630364764769,0.0026668438017848814,0.001743855076807993
317,0.0018616943411814434,0.0006779293585846703,0.009853533571559077,0.003959617629489514,0.002318773494037092
318,0.0019808968278081855,0.0006968963443411764,0.009375429027259592,0.002479175896792534,0.0015880361205668552
319,0.002087511621372393,0.0009187156734586525,0.009575400619295342,0.0034291810687148315,0.002173948371086742
320,0.0021784482481284613,0.001171810598201928,0.009739126121563923,0.0051348269960050045,0.003153318797103466
321,0.0012436136577341798,0.0010009829511959463,0.009907357797588612,0.0029823465803403585,0.0019916647657681526
322,0.0022979430703266622,0.0013699714034417644,0.010080137444835977,0.0034709640764233906,0.0024204677399325774
323,0.0023361885047960182,0.001763557711500816,0.010196056195832099,0.005270191007571996,0.0035168743595364056
324,0.0024171211348583362,0.0020079650077744885,0.006873584740613907,0.00325616618383535,0.0026320655958049196
325,0.0026882686676176484,0.0021674696450219256,0.006850837512372528,0.003494273713404615,0.0028308716792132703
326,0.0035930456367356503,0.00285107627024009,0.00699216301898605,0.003688704683916681,0.0032698904770783856
327,0.004531872738249284,0.0030566623068396886,0.008187557119085039,0.004072833992930223,0.0035647481498849555
328,0.005064463063151589,0.003108095342084078,0.0067659218537681155,0.002750752083892625,0.0029294237129883515
329,0.006046893903826385,0.002510523613825448,0.008487187636792536,0.004566126746775019,0.0035383251803002332
330,0.007284211613679885,0.003921264104072644,0.008762217617953013,0.004868339486431735,0.00439480179525219
331,0.00840783308571608,0.003881576555444039,0.009179405356432718,0.006664766546065161,0.0052731715507546
332,0.010103229907417159,0.0038555971102959786,0.010811407902063714,0.006697888313797379,0.005276742712046679
333,0.01119634879848446,0.005734543306590797,0.01275043189255793,0.005316495579630015,0.005525519443110406
334,0.01168255593703708,0.0052773363685106435,0.014827311609551017,0.007391561364682146,0.006334448866596395
335,0.011602708917575099,0.005811737428140831,0.01704482360874041,0.006403429856576598,0.006107583642358715
336,0.0017721613473478744,0.0007256259093672854,0.012679990003498875,0.003969449366885969,0.0023475376381266273
337,0.001955731415583251,0.0006039015231437754,0.012008398517316329,0.0017379853591076902,0.0011709434411257328
338,0.0021365836757001313,0.0007557101008926913,0.00966076351328483,0.0028086723682456084,0.00178219123456915
339,0.002323374568877436,0.0006934728050740204,0.00367665046182117,0.0010440944431018811,0.0008687836240879507
340,0.0024994839200405145,0.0009530932197221245,0.010417850525891793,0.0027847638309944065,0.0018689285253582655
341,0.002661830380995119,0.0014338184835232604,0.010158518188912377,0.0037743811839787283,0.0026040998337509944
342,0.002807356097910308,0.0013281022584728912,0.00947810948187034,0.002447930762891038,0.0018880165106819648
343,0.0029331126354834045,0.0018109794136437353,0.010514892914198458,0.0047901223770557,0.0033005508953497177
344,0.0030553280994649592,0.0019098967801440578,0.010649638325753653,0.003404949920244769,0.0026574233501944133
345,0.0031628977763954445,0.002464231481709625,0.010618342585448859,0.005698868115514633,0.004081549798612129
346,0.003277307174184064,0.002619432788463623,0.00809487677143763,0.0037309915681733525,0.0031752121783184878
347,0.0037797930331702084,0.002356265628597605,0.01017432922915898,0.005613425200494794,0.0039848454145462
348,0.0044943616956602045,0.002830572863341996,0.008110512968652448,0.004371911915536842,0.003601242389439419
349,0.0050370281125509285,0.0032600787830707094,0.010197440060400388,0.005945089311559624,0.004602584047315167
350,0.005835028335403176,0.003306924121427942,0.010324528033779104,0.006518164185805859,0.004912544153616901
351,0.007111594672849664,0.0033097090107302137,0.010545878959449459,0.007063437158741355,0.005186573084735784
352,0.008273335796908544,0.003540947406620941,0.009783966638867601,0.004801890503497384,0.0041714189550591625
353,0.002173600458862762,0.002167107766116643,0.010916266946284373,0.007151539076070501,0.004659323421093571
354,0.011263817276006807,0.00454018758080703,0.0126976295781757,0.0066132243151718565,0.005576705947989443
355,0.011852658195727988,0.005030362565701973,0.014772706861429504,0.009649522445719342,0.007339942505710658
356,0.011876159736751771,0.006737882156514686,0.008029898880835428,0.004338343097951248,0.005538112627232967
357,0.0019090813942357224,0.0010808647338889556,0.002998681642338995,0.0017471716215077878,0.0014140181776983716
358,0.0021608096273424272,0.0008103787124185306,0.014000631505456704,0.0023036943275128075,0.001557036519965669
359,0.0024081842329028106,0.0007511389434817712,0.0095459815893651,0.002568646932341044,0.0016598929379114077
360,0.002647265989711857,0.0008937785488782425,0.012798762492398915,0.004560898723461719,0.002727338636169981
361,0.0028735245467855666,0.00157617477159585,0.012210582077430886,0.005308742966614263,0.003442458869105057
362,0.0030823759528975365,0.0010602492042214007,0.010386413092394194,0.0016491616869745214,0.0013547054455979612
363,0.003292507912017968,0.001937385705796946,0.011104286309280939,0.003656588340919109,0.0027969870233580277
364,0.0017544350733979675,0.0013324719484926833,0.0032717395805563427,0.0007846955915967027,0.001058583770044693
365,0.003709958722962664,0.0022807341526708763,0.01094803899310482,0.0048629841767598835,0.00357185916471538
366,0.003921889511750913,0.0026651370964059446,0.010927139030420842,0.005633775975795242,0.004149456536100594
367,0.00414146391295763,0.0027025994709231563,0.009637555646388294,0.003841543684454816,0.003272071577688986
368,0.0042294399623735044,0.002810416562210005,0.010828433495780882,0.004960212297024145,0.0038853144296170754
369,0.004480423376491764,0.0033178805012895824,0.009351631097716886,0.005875022111422443,0.004596451306356013
370,0.005005349818490301,0.0032769750047673047,0.012102239462946248,0.007899154708547674,0.005588064856657489
371,0.005722941613032202,0.003427986659377117,0.012147930698575003,0.006974991691698844,0.00520148917553798
372,0.006913601178106269,0.004977570317003857,0.008856716177472412,0.005672439296620998,0.005325004806812427
373,0.008126512951062217,0.0038167409494461236,0.012539402098877923,0.005513367762702092,0.004665054356074108
374,0.010012082914497409,0.004063561842946974,0.012732683143856754,0.008403108940827606,0.0062333353918872896
375,0.00528206501662056,0.003479707820454251,0.012928527220225541,0.009402296683213966,0.006441002251834109
376,0.012008298280126319,0.007551270405405522,0.0147149812126425,0.006937295310853292,0.007244282858129407
377,0.012125478049625339,0.008927487661909705,0.016921329468633593,0.006901421344161014,0.00791445450303536
378,0.0019355798250564435,0.0009635316158756937,0.01685416066398064,0.0029554089145056557,0.0019594702651906746
379,0.0022437004302629493,0.0013470425694222358,0.016209912778581134,0.005161717967203777,0.0032543802683130062
380,0.002558825545303575,0.0011866119001120424,0.015570780991172362,0.00506017703472439,0.003123394467418216
381,0.0028756376877149175,0.000995731947341083,0.01493838585212788,0.00419255925836116,0.0025941456028511214
382,0.003189407138639227,0.0018822074091185148,0.014313392096048063,0.004740294617132291,0.003311251013125403
383,0.0034953024597129067,0.0015679720474283004,0.013696359826590739,0.004331562213505834,0.0029497671304670675
384,0.0037883207441016717,0.0018013636461257632,0.01308788814851193,0.005201076860895774,0.0035012202535107686
385,0.004063339495554406,0.0021879653326674444,0.005604014256153897,0.002505815530431132,0.0023468904315492884
386,0.0043298089201848034,0.0020200351124783677,0.011896194180708544,0.004583773041382407,0.0033019040769303874
387,0.004616862814976783,0.0027981285331801138,0.011343020616558851,0.0032616621942179445,0.003029895363699029
388,0.004933206306723535,0.0029199734810988398,0.011292534770893627,0.005273042116338994,0.004096507798718917
389,0.004850086890492223,0.003198692472223719,0.011507274299492908,0.004910155540581208,0.004054424006402463
390,0.004732557566978422,0.003569567295484583,0.010964903116098868,0.005682434575632991,0.004626000935558787
391,0.005020616629870144,0.003651521060232473,0.01267600070413467,0.008950035006348006,0.006300778033290239
392,0.005705090102966936,0.0032120514987869003,0.009565522050773392,0.006241612782806781,0.004726832140796841
393,0.006721093145748714,0.004558479035422321,0.010595092713034118,0.005231210342393577,0.004894844688907949
394,0.007967913126425105,0.004572767256437928,0.014350526540443708,0.009551813379072868,0.007062290317755398
395,0.009944320064611326,0.005382949473535,0.014581840106734018,0.009840336119114834,0.0076116427963249175
396,0.011352085147811167,0.005450907174234857,0.014816446791345458,0.01021174381427108,0.007831325494252969
397,0.0121492505271459,0.006774341826189538,0.015054343577214146,0.007542527024945453,0.007158434425567496
398,0.012362272512755896,0.006136554812208204,0.016858974789296217,0.009378581933175653,0.007757568372691929
399,0.0018707392352249703,0.0012407659528667534,0.019192385736108375,0.008154441034552274,0.004697603493709514
400,0.002206278667117483,0.000968722478432615,0.008615301270906664,0.0023954325296083076,0.0016820775040204614
401,0.002575768981280168,0.0010747718473459642,0.008843893914669516,0.0030980592174011464,0.0020864155323735553
402,0.0018936297903303112,0.0003324931090410659,0.003910804654043789,0.0004826551092006794,0.00040757410912087267
403,0.003348280666272862,0.0019821771827038823,0.01654788895592962,0.007688503288651694,0.0048353402356777885
404,0.0037419548006901284,0.001285830920432646,0.009589643859595775,0.0040418221732772056,0.0026638265468549257
405,0.0041339381037274825,0.002262702591568294,0.015250794329093008,0.004854149046640211,0.003558425819104253
406,0.004518961352003402,0.0023042765631159814,0.014613733118636327,0.004571092012945885,0.003437684288030933
407,0.004903015339344858,0.0023366664527146863,0.013982740436947725,0.0037050717036413044,0.003020869078177995
408,0.005361367104673835,0.003127854094651232,0.013399896238128053,0.006075924110917089,0.00460188910278416
409,0.005494132293328809,0.0029230225156858755,0.013252509700196459,0.004768149860866497,0.003845586188276186
410,0.005458569328234727,0.003676787386249572,0.011574552118265458,0.0070292704572229164,0.005353028921736244
411,0.005375960610057778,0.0039061668336413994,0.012822390042186422,0.007363566925218512,0.005634866879429956
412,0.00524601444825815,0.004196112033653037,0.012603721718580322,0.007409600427691278,0.005802856230672157
413,0.00571802895399837,0.003857115928450007,0.013741440292449066,0.007546786956043666,0.005701951442246837
414,0.006729466869591076,0.0038296589613748032,0.014355417121251941,0.01027900999578273,0.007054334478578766
415,0.007898473375854767,0.004353253641997832,0.015203130991686287,0.008635218567185571,0.006494236104591702
416,0.009904745417339064,0.005214462582803855,0.01614771751903197,0.013087395257454832,0.009150928920129343
417,0.011372896601621118,0.007623093780901723,0.016719010178194778,0.01160151483464251,0.009612304307772115
418,0.01227524350178772,0.006212908187500467,0.016997985843371217,0.011349136920011594,0.00878102255375603
419,0.012586107944464154,0.006359640711721784,0.016793108975316152,0.007861184115326386,0.007110412413524085
420,0.0017134794721128308,0.0013393003832781964,0.021639302883583574,0.005135500286522059,0.0032374003349001277
421,0.002062115447711194,0.0008025475895247916,0.02098781423579392,0.005088462346595889,0.0029455049680603405
422,0.0024695414492297836,0.0007993876397394524,0.02028973924125589,0.005786796097539582,0.0032930918686395172
423,0.0029010275831588533,0.0016450692744065076,0.01959562849671617,0.005125145087523748,0.003385107180965128
424,0.0033524308199604715,0.0017818521417681122,0.008790511410653878,0.004899676701909746,0.003340764421838929
425,0.0038193178881649427,0.0011812626396268538,0.018221851823232733,0.004560216265914158,0.0028707394527705057
426,0.004296856152660666,0.0018212703243336004,0.017543838788730434,0.00447980545626438,0.0031505378902989905
427,0.004779973851233743,0.0031612007050240087,0.016872743609221433,0.008047420711763266,0.0056043107083936375
428,0.005266255489046106,0.0023015608784932202,0.016264758817739176,0.005079564257362589,0.0036905625679279045
429,0.005738386437939334,0.004130612825771594,0.015755218559635423,0.006900061040325303,0.005515336933048448
430,0.005860124452190213,0.004257750711033065,0.015483945947054854,0.007481114292655656,0.00586943250184436
431,0.005942071145232669,0.0032011953360239287,0.008211742181868839,0.0025706982694869126,0.0028859468027554206
432,0.005978882396448597,0.003403502356725032,0.01502679783428702,0.007343916586606772,0.005373709471665902
433,0.005968597806967199,0.003317374410793522,0.014793201162653542,0.005642022656846246,0.004479698533819884
434,0.005968778351161308,0.003978112970188113,0.014486257281449668,0.010134854637112728,0.00705648380365042
435,0.006782377857378804,0.004756554168602474,0.014337047887818633,0.010184526266429425,0.007470540217515949
436,0.007880641003458764,0.004893640910815202,0.01339272843394613,0.006853743387598955,0.005873692149207079
437,0.010021332359315084,0.005312011295166995,0.016361287103203597,0.012353150984004862,0.008832581139585929
438,0.011581252929223717,0.005909703991372221,0.01739389804445387,0.010910854854665655,0.008410279423018939
439,0.012476043001620784,0.005806197409788723,0.01846312781272813,0.008788645028236371,0.007297421219012547
440,0.012795449318330054,0.00861786419888891,0.017372220810201545,0.010250145104553937,0.009434004651721423
